#recid,audittime,userid,clientname,clienttype,command,noderange,args,status,comments,disable
"1","05-03-2010 16:53:41","root","localhost.localdomain","cli","mknb",," x86","Allowed",,
"2","05-03-2010 16:53:46","root","localhost.localdomain","cli","mknb",," ppc64","Allowed",,
"3","05-03-2010 16:53:55","root","localhost.localdomain","cli","mknb",," x86_64","Allowed",,
"4","05-03-2010 16:54:33","root","localhost.localdomain","cli","tabdump",," prescripts","Allowed",,
"5","05-03-2010 16:55:37","root","localhost.localdomain","cli","nodeset","node1018"," stat","Allowed",,
"6","05-03-2010 16:57:55","root","localhost.localdomain","cli","rpower","crd5"," stat","Allowed",,
"7","05-03-2010 16:58:07","root","localhost.localdomain","cli","tabdump",," nodehm","Allowed",,
"8","05-03-2010 16:58:18","root","localhost.localdomain","cli","rpower","crd7"," stat","Allowed",,
"9","05-03-2010 17:01:36","root","localhost.localdomain","cli","nodeset","node1018"," stat","Allowed",,
"10","05-03-2010 17:02:53","root","localhost.localdomain","cli","nodeset","node1018"," stat","Allowed",,
"11","05-03-2010 17:07:20","root","localhost.localdomain","cli","tabdump",," prescripts","Allowed",,
"12","05-03-2010 17:07:54","root","localhost.localdomain","cli","tabdump",," prescripts","Allowed",,
"13","05-03-2010 17:08:05","root","localhost.localdomain","cli","tabrestore",,,"Allowed",,
"14","05-03-2010 17:08:08","root","localhost.localdomain","cli","nodeset","node1018"," stat","Allowed",,
"15","05-03-2010 17:08:21","root","localhost.localdomain","cli","nodeset","node1018"," boot","Allowed",,
"16","05-03-2010 17:08:57","root","localhost.localdomain","cli","nodeset","node1018"," boot","Allowed",,
"17","05-03-2010 17:09:21","root","localhost.localdomain","cli","nodeset","node1018"," boot","Allowed",,
"18","05-03-2010 17:09:50","root","localhost.localdomain","cli","nodeset","node1018,node1019"," boot","Allowed",,
"19","05-03-2010 17:11:07","root","localhost.localdomain","cli","nodeset","node1018,node1019"," boot","Allowed",,
"20","05-03-2010 17:12:06","root","localhost.localdomain","cli","nodeset","node1018,node1019"," boot","Allowed",,
"21","05-03-2010 17:12:27","root","localhost.localdomain","cli","tabdump",," prescripts","Allowed",,
"22","05-03-2010 17:12:38","root","localhost.localdomain","cli","tabrestore",,,"Allowed",,
"23","05-03-2010 17:12:53","root","localhost.localdomain","cli","nodeset","node1018,node1019"," boot","Allowed",,
"24","05-03-2010 17:13:09","root","localhost.localdomain","cli","nodeset","node1018,node1019"," boot","Allowed",,
"25","05-03-2010 17:13:38","root","localhost.localdomain","cli","nodeset","node1018,node1019"," boot","Allowed",,
"26","05-03-2010 17:13:59","root","localhost.localdomain","cli","nodeset","node1018,node1019"," boot","Allowed",,
"27","05-03-2010 17:18:23","root","localhost.localdomain","cli","nodeset","node1018,node1019"," boot","Allowed",,
"28","05-03-2010 17:19:04","root","localhost.localdomain","cli","nodeset","node1018,node1019"," boot","Allowed",,
"29","05-03-2010 17:28:25","root","localhost.localdomain","cli","nodeset","node1018"," install","Allowed",,
"30","05-03-2010 17:32:42","root","localhost.localdomain","cli","nodeset","node1018"," boot","Allowed",,
"31","05-03-2010 17:32:47","root","localhost.localdomain","cli","nodeset","node1018"," stat","Allowed",,
"32","05-03-2010 17:33:57","root","localhost.localdomain","cli","nodeset","node1018"," install","Allowed",,
"33","05-03-2010 17:34:09","root","localhost.localdomain","cli","tabdump",," prescipts","Allowed",,
"34","05-03-2010 17:34:14","root","localhost.localdomain","cli","tabdump",," prescripts","Allowed",,
"35","05-03-2010 17:34:21","root","localhost.localdomain","cli","tabrestore",,,"Allowed",,
"36","05-03-2010 17:34:27","root","localhost.localdomain","cli","nodeset","node1018"," install","Allowed",,
"37","05-03-2010 17:35:02","root","localhost.localdomain","cli","nodeset","node1018"," install","Allowed",,
"38","05-03-2010 17:35:18","root","localhost.localdomain","cli","nodeset","node1018"," boot","Allowed",,
"39","05-03-2010 17:35:32","root","localhost.localdomain","cli","tabdump",," prescripts","Allowed",,
"40","05-03-2010 17:35:39","root","localhost.localdomain","cli","tabrestore",,,"Allowed",,
"41","05-03-2010 17:35:44","root","localhost.localdomain","cli","nodeset","node1018"," boot","Allowed",,
"42","05-03-2010 17:36:18","root","localhost.localdomain","cli","nodeset","node1018,node1019"," install","Allowed",,
"43","05-03-2010 17:36:41","root","localhost.localdomain","cli","nodeset","node1018,node1019"," boot","Allowed",,
"44","05-03-2010 17:38:09","root","localhost.localdomain","cli","nodeset","node1018,node1019"," install","Allowed",,
"45","05-03-2010 17:38:50","root","localhost.localdomain","cli","nodeset","node1018-node1020"," install","Allowed",,
"46","05-03-2010 17:39:21","root","localhost.localdomain","cli","nodeset","node1018-node1020"," install","Allowed",,
"47","05-03-2010 17:39:58","root","localhost.localdomain","cli","nodeset","node1018-node1020"," install","Allowed",,
"48","05-03-2010 17:40:14","root","localhost.localdomain","cli","nodeset","node1018-node1020"," boot","Allowed",,
"49","05-04-2010 11:59:06","root","localhost.localdomain","cli","tabgrep","node1016",,"Allowed",,
"50","05-04-2010 11:59:08","root","localhost.localdomain","cli","nodeadd",," node1016 groups=dell,farm,all mac.interface=eth0 hosts.ip=192.168.35.67 mac.mac=","Allowed",,
"51","05-04-2010 11:59:08","root","localhost.localdomain","cli","tabdump",,,"Allowed",,
"52","05-04-2010 11:59:09","root","localhost.localdomain","cli","tabdump",," auditlog","Allowed",,
"53","05-04-2010 11:59:09","root","localhost.localdomain","cli","tabdump",," bootparams","Allowed",,
"54","05-04-2010 11:59:09","root","localhost.localdomain","cli","tabdump",," boottarget","Allowed",,
"55","05-04-2010 11:59:10","root","localhost.localdomain","cli","tabdump",," chain","Allowed",,
"56","05-04-2010 11:59:10","root","localhost.localdomain","cli","tabdump",," deps","Allowed",,
"57","05-04-2010 11:59:11","root","localhost.localdomain","cli","tabdump",," domain","Allowed",,
"58","05-04-2010 11:59:11","root","localhost.localdomain","cli","tabdump",," eventlog","Allowed",,
"59","05-04-2010 11:59:11","root","localhost.localdomain","cli","tabdump",," hosts","Allowed",,
"60","05-04-2010 11:59:12","root","localhost.localdomain","cli","tabdump",," hypervisor","Allowed",,
"61","05-04-2010 11:59:12","root","localhost.localdomain","cli","tabdump",," ipmi","Allowed",,
"62","05-04-2010 11:59:13","root","localhost.localdomain","cli","tabdump",," iscsi","Allowed",,
"63","05-04-2010 11:59:13","root","localhost.localdomain","cli","tabdump",," linuximage","Allowed",,
"64","05-04-2010 11:59:14","root","localhost.localdomain","cli","tabdump",," litefile","Allowed",,
"65","05-04-2010 11:59:14","root","localhost.localdomain","cli","tabdump",," litetree","Allowed",,
"66","05-04-2010 11:59:14","root","localhost.localdomain","cli","tabdump",," mac","Allowed",,
"67","05-04-2010 11:59:15","root","localhost.localdomain","cli","tabdump",," monitoring","Allowed",,
"68","05-04-2010 11:59:15","root","localhost.localdomain","cli","tabdump",," monsetting","Allowed",,
"69","05-04-2010 11:59:15","root","localhost.localdomain","cli","tabdump",," mp","Allowed",,
"70","05-04-2010 11:59:16","root","localhost.localdomain","cli","tabdump",," mpa","Allowed",,
"71","05-04-2010 11:59:16","root","localhost.localdomain","cli","tabdump",," networks","Allowed",,
"72","05-04-2010 11:59:17","root","localhost.localdomain","cli","tabdump",," nimimage","Allowed",,
"73","05-04-2010 11:59:17","root","localhost.localdomain","cli","tabdump",," nodegroup","Allowed",,
"74","05-04-2010 11:59:18","root","localhost.localdomain","cli","tabdump",," nodehm","Allowed",,
"75","05-04-2010 11:59:18","root","localhost.localdomain","cli","tabdump",," nodelist","Allowed",,
"76","05-04-2010 11:59:18","root","localhost.localdomain","cli","tabdump",," nodepos","Allowed",,
"77","05-04-2010 11:59:19","root","localhost.localdomain","cli","tabdump",," noderes","Allowed",,
"78","05-04-2010 11:59:19","root","localhost.localdomain","cli","tabdump",," nodetype","Allowed",,
"79","05-04-2010 11:59:20","root","localhost.localdomain","cli","tabdump",," notification","Allowed",,
"80","05-04-2010 11:59:20","root","localhost.localdomain","cli","tabdump",," osimage","Allowed",,
"81","05-04-2010 11:59:20","root","localhost.localdomain","cli","tabdump",," passwd","Allowed",,
"82","05-04-2010 11:59:21","root","localhost.localdomain","cli","tabdump",," performance","Allowed",,
"83","05-04-2010 11:59:21","root","localhost.localdomain","cli","tabdump",," policy","Allowed",,
"84","05-04-2010 11:59:21","root","localhost.localdomain","cli","tabdump",," postscripts","Allowed",,
"85","05-04-2010 11:59:22","root","localhost.localdomain","cli","tabdump",," ppc","Allowed",,
"86","05-04-2010 11:59:22","root","localhost.localdomain","cli","tabdump",," ppcdirect","Allowed",,
"87","05-04-2010 11:59:23","root","localhost.localdomain","cli","tabdump",," ppchcp","Allowed",,
"88","05-04-2010 11:59:23","root","localhost.localdomain","cli","tabdump",," prescripts","Allowed",,
"89","05-04-2010 11:59:23","root","localhost.localdomain","cli","tabdump",," prodkey","Allowed",,
"90","05-04-2010 11:59:24","root","localhost.localdomain","cli","tabdump",," servicenode","Allowed",,
"91","05-04-2010 11:59:24","root","localhost.localdomain","cli","tabdump",," site","Allowed",,
"92","05-04-2010 11:59:25","root","localhost.localdomain","cli","tabdump",," statelite","Allowed",,
"93","05-04-2010 11:59:25","root","localhost.localdomain","cli","tabdump",," switch","Allowed",,
"94","05-04-2010 11:59:25","root","localhost.localdomain","cli","tabdump",," switches","Allowed",,
"95","05-04-2010 11:59:26","root","localhost.localdomain","cli","tabdump",," vm","Allowed",,
"96","05-04-2010 11:59:26","root","localhost.localdomain","cli","tabdump",," vpd","Allowed",,
"97","05-04-2010 11:59:26","root","localhost.localdomain","cli","tabdump",," websrv","Allowed",,
"98","05-04-2010 11:59:27","root","localhost.localdomain","cli","tabdump",," zvm","Allowed",,
"99","05-04-2010 11:59:58","root","localhost.localdomain","cli","makehosts","node1016",,"Allowed",,
"100","05-04-2010 11:59:58","root","localhost.localdomain","cli","makedhcp","node1016",,"Allowed",,
"101","05-04-2010 12:08:01","root","localhost.localdomain","cli","noderm","node1016",,"Allowed",,
"102","05-04-2010 12:08:09","root","localhost.localdomain","cli","tabgrep","node1016",,"Allowed",,
"103","05-04-2010 12:08:11","root","localhost.localdomain","cli","nodeadd",," node1016 groups=dell,farm,all mac.interface=eth0 hosts.ip=192.168.35.67 mac.mac=00:1D:09:FC:D0:EC","Allowed",,
"104","05-04-2010 12:08:11","root","localhost.localdomain","cli","tabdump",,,"Allowed",,
"105","05-04-2010 12:08:12","root","localhost.localdomain","cli","tabdump",," auditlog","Allowed",,
"106","05-04-2010 12:08:12","root","localhost.localdomain","cli","tabdump",," bootparams","Allowed",,
"107","05-04-2010 12:08:13","root","localhost.localdomain","cli","tabdump",," boottarget","Allowed",,
"108","05-04-2010 12:08:13","root","localhost.localdomain","cli","tabdump",," chain","Allowed",,
"109","05-04-2010 12:08:13","root","localhost.localdomain","cli","tabdump",," deps","Allowed",,
"110","05-04-2010 12:08:14","root","localhost.localdomain","cli","tabdump",," domain","Allowed",,
"111","05-04-2010 12:08:14","root","localhost.localdomain","cli","tabdump",," eventlog","Allowed",,
"112","05-04-2010 12:08:15","root","localhost.localdomain","cli","tabdump",," hosts","Allowed",,
"113","05-04-2010 12:08:15","root","localhost.localdomain","cli","tabdump",," hypervisor","Allowed",,
"114","05-04-2010 12:08:15","root","localhost.localdomain","cli","tabdump",," ipmi","Allowed",,
"115","05-04-2010 12:08:16","root","localhost.localdomain","cli","tabdump",," iscsi","Allowed",,
"116","05-04-2010 12:08:16","root","localhost.localdomain","cli","tabdump",," linuximage","Allowed",,
"117","05-04-2010 12:08:16","root","localhost.localdomain","cli","tabdump",," litefile","Allowed",,
"118","05-04-2010 12:08:17","root","localhost.localdomain","cli","tabdump",," litetree","Allowed",,
"119","05-04-2010 12:08:17","root","localhost.localdomain","cli","tabdump",," mac","Allowed",,
"120","05-04-2010 12:08:18","root","localhost.localdomain","cli","tabdump",," monitoring","Allowed",,
"121","05-04-2010 12:08:18","root","localhost.localdomain","cli","tabdump",," monsetting","Allowed",,
"122","05-04-2010 12:08:18","root","localhost.localdomain","cli","tabdump",," mp","Allowed",,
"123","05-04-2010 12:08:19","root","localhost.localdomain","cli","tabdump",," mpa","Allowed",,
"124","05-04-2010 12:08:19","root","localhost.localdomain","cli","tabdump",," networks","Allowed",,
"125","05-04-2010 12:08:20","root","localhost.localdomain","cli","tabdump",," nimimage","Allowed",,
"126","05-04-2010 12:08:20","root","localhost.localdomain","cli","tabdump",," nodegroup","Allowed",,
"127","05-04-2010 12:08:20","root","localhost.localdomain","cli","tabdump",," nodehm","Allowed",,
"128","05-04-2010 12:08:21","root","localhost.localdomain","cli","tabdump",," nodelist","Allowed",,
"129","05-04-2010 12:08:21","root","localhost.localdomain","cli","tabdump",," nodepos","Allowed",,
"130","05-04-2010 12:08:22","root","localhost.localdomain","cli","tabdump",," noderes","Allowed",,
"131","05-04-2010 12:08:22","root","localhost.localdomain","cli","tabdump",," nodetype","Allowed",,
"132","05-04-2010 12:08:22","root","localhost.localdomain","cli","tabdump",," notification","Allowed",,
"133","05-04-2010 12:08:23","root","localhost.localdomain","cli","tabdump",," osimage","Allowed",,
"134","05-04-2010 12:08:23","root","localhost.localdomain","cli","tabdump",," passwd","Allowed",,
"135","05-04-2010 12:08:24","root","localhost.localdomain","cli","tabdump",," performance","Allowed",,
"136","05-04-2010 12:08:24","root","localhost.localdomain","cli","tabdump",," policy","Allowed",,
"137","05-04-2010 12:08:25","root","localhost.localdomain","cli","tabdump",," postscripts","Allowed",,
"138","05-04-2010 12:08:25","root","localhost.localdomain","cli","tabdump",," ppc","Allowed",,
"139","05-04-2010 12:08:25","root","localhost.localdomain","cli","tabdump",," ppcdirect","Allowed",,
"140","05-04-2010 12:08:26","root","localhost.localdomain","cli","tabdump",," ppchcp","Allowed",,
"141","05-04-2010 12:08:26","root","localhost.localdomain","cli","tabdump",," prescripts","Allowed",,
"142","05-04-2010 12:08:26","root","localhost.localdomain","cli","tabdump",," prodkey","Allowed",,
"143","05-04-2010 12:08:27","root","localhost.localdomain","cli","tabdump",," servicenode","Allowed",,
"144","05-04-2010 12:08:27","root","localhost.localdomain","cli","tabdump",," site","Allowed",,
"145","05-04-2010 12:08:28","root","localhost.localdomain","cli","tabdump",," statelite","Allowed",,
"146","05-04-2010 12:08:28","root","localhost.localdomain","cli","tabdump",," switch","Allowed",,
"147","05-04-2010 12:08:28","root","localhost.localdomain","cli","tabdump",," switches","Allowed",,
"148","05-04-2010 12:08:29","root","localhost.localdomain","cli","tabdump",," vm","Allowed",,
"149","05-04-2010 12:08:29","root","localhost.localdomain","cli","tabdump",," vpd","Allowed",,
"150","05-04-2010 12:08:30","root","localhost.localdomain","cli","tabdump",," websrv","Allowed",,
"151","05-04-2010 12:08:30","root","localhost.localdomain","cli","tabdump",," zvm","Allowed",,
"152","05-04-2010 12:09:01","root","localhost.localdomain","cli","makehosts","node1016",,"Allowed",,
"153","05-04-2010 12:09:02","root","localhost.localdomain","cli","makedhcp","node1016",,"Allowed",,
"154","05-04-2010 12:13:38","root","localhost.localdomain","cli","nodeset","node1016"," stat","Allowed",,
"155","05-04-2010 12:19:59","root","localhost.localdomain","cli","tabgrep","node1017",,"Allowed",,
"156","05-04-2010 12:20:01","root","localhost.localdomain","cli","nodeadd",," node1017 groups=dell,farm,all mac.interface=eth0 hosts.ip=192.168.35.68 mac.mac=00:1D:09:FC:D0:D0","Allowed",,
"157","05-04-2010 12:20:02","root","localhost.localdomain","cli","tabdump",,,"Allowed",,
"158","05-04-2010 12:20:02","root","localhost.localdomain","cli","tabdump",," auditlog","Allowed",,
"159","05-04-2010 12:20:02","root","localhost.localdomain","cli","tabdump",," bootparams","Allowed",,
"160","05-04-2010 12:20:03","root","localhost.localdomain","cli","tabdump",," boottarget","Allowed",,
"161","05-04-2010 12:20:03","root","localhost.localdomain","cli","tabdump",," chain","Allowed",,
"162","05-04-2010 12:20:04","root","localhost.localdomain","cli","tabdump",," deps","Allowed",,
"163","05-04-2010 12:20:04","root","localhost.localdomain","cli","tabdump",," domain","Allowed",,
"164","05-04-2010 12:20:05","root","localhost.localdomain","cli","tabdump",," eventlog","Allowed",,
"165","05-04-2010 12:20:05","root","localhost.localdomain","cli","tabdump",," hosts","Allowed",,
"166","05-04-2010 12:20:05","root","localhost.localdomain","cli","tabdump",," hypervisor","Allowed",,
"167","05-04-2010 12:20:06","root","localhost.localdomain","cli","tabdump",," ipmi","Allowed",,
"168","05-04-2010 12:20:06","root","localhost.localdomain","cli","tabdump",," iscsi","Allowed",,
"169","05-04-2010 12:20:07","root","localhost.localdomain","cli","tabdump",," linuximage","Allowed",,
"170","05-04-2010 12:20:07","root","localhost.localdomain","cli","tabdump",," litefile","Allowed",,
"171","05-04-2010 12:20:07","root","localhost.localdomain","cli","tabdump",," litetree","Allowed",,
"172","05-04-2010 12:20:08","root","localhost.localdomain","cli","tabdump",," mac","Allowed",,
"173","05-04-2010 12:20:08","root","localhost.localdomain","cli","tabdump",," monitoring","Allowed",,
"174","05-04-2010 12:20:09","root","localhost.localdomain","cli","tabdump",," monsetting","Allowed",,
"175","05-04-2010 12:20:09","root","localhost.localdomain","cli","tabdump",," mp","Allowed",,
"176","05-04-2010 12:20:09","root","localhost.localdomain","cli","tabdump",," mpa","Allowed",,
"177","05-04-2010 12:20:10","root","localhost.localdomain","cli","tabdump",," networks","Allowed",,
"178","05-04-2010 12:20:10","root","localhost.localdomain","cli","tabdump",," nimimage","Allowed",,
"179","05-04-2010 12:20:11","root","localhost.localdomain","cli","tabdump",," nodegroup","Allowed",,
"180","05-04-2010 12:20:11","root","localhost.localdomain","cli","tabdump",," nodehm","Allowed",,
"181","05-04-2010 12:20:11","root","localhost.localdomain","cli","tabdump",," nodelist","Allowed",,
"182","05-04-2010 12:20:12","root","localhost.localdomain","cli","tabdump",," nodepos","Allowed",,
"183","05-04-2010 12:20:12","root","localhost.localdomain","cli","tabdump",," noderes","Allowed",,
"184","05-04-2010 12:20:13","root","localhost.localdomain","cli","tabdump",," nodetype","Allowed",,
"185","05-04-2010 12:20:13","root","localhost.localdomain","cli","tabdump",," notification","Allowed",,
"186","05-04-2010 12:20:14","root","localhost.localdomain","cli","tabdump",," osimage","Allowed",,
"187","05-04-2010 12:20:14","root","localhost.localdomain","cli","tabdump",," passwd","Allowed",,
"188","05-04-2010 12:20:14","root","localhost.localdomain","cli","tabdump",," performance","Allowed",,
"189","05-04-2010 12:20:15","root","localhost.localdomain","cli","tabdump",," policy","Allowed",,
"190","05-04-2010 12:20:15","root","localhost.localdomain","cli","tabdump",," postscripts","Allowed",,
"191","05-04-2010 12:20:16","root","localhost.localdomain","cli","tabdump",," ppc","Allowed",,
"192","05-04-2010 12:20:16","root","localhost.localdomain","cli","tabdump",," ppcdirect","Allowed",,
"193","05-04-2010 12:20:16","root","localhost.localdomain","cli","tabdump",," ppchcp","Allowed",,
"194","05-04-2010 12:20:17","root","localhost.localdomain","cli","tabdump",," prescripts","Allowed",,
"195","05-04-2010 12:20:17","root","localhost.localdomain","cli","tabdump",," prodkey","Allowed",,
"196","05-04-2010 12:20:18","root","localhost.localdomain","cli","tabdump",," servicenode","Allowed",,
"197","05-04-2010 12:20:18","root","localhost.localdomain","cli","tabdump",," site","Allowed",,
"198","05-04-2010 12:20:18","root","localhost.localdomain","cli","tabdump",," statelite","Allowed",,
"199","05-04-2010 12:20:19","root","localhost.localdomain","cli","tabdump",," switch","Allowed",,
"200","05-04-2010 12:20:19","root","localhost.localdomain","cli","tabdump",," switches","Allowed",,
"201","05-04-2010 12:20:20","root","localhost.localdomain","cli","tabdump",," vm","Allowed",,
"202","05-04-2010 12:20:20","root","localhost.localdomain","cli","tabdump",," vpd","Allowed",,
"203","05-04-2010 12:20:20","root","localhost.localdomain","cli","tabdump",," websrv","Allowed",,
"204","05-04-2010 12:20:21","root","localhost.localdomain","cli","tabdump",," zvm","Allowed",,
"205","05-04-2010 12:20:52","root","localhost.localdomain","cli","makehosts","node1017",,"Allowed",,
"206","05-04-2010 12:20:52","root","localhost.localdomain","cli","makedhcp","node1017",,"Allowed",,
"207","05-04-2010 13:06:32","root","localhost.localdomain","cli","nodeset","node1016-node1032"," install","Allowed",,
"208","05-04-2010 13:07:56","root","localhost.localdomain","cli","nodeset","node1016-node1031"," install","Allowed",,
"209","05-04-2010 13:18:04","root","localhost.localdomain","cli","rpower","node1016-node1031"," boot","Allowed",,
"210","05-04-2010 13:29:04","root","localhost.localdomain","cli","makehosts","node1016-node1031",,"Allowed",,
"211","05-04-2010 13:29:10","root","localhost.localdomain","cli","makedhcp","node1016-node1031",,"Allowed",,
"212","05-04-2010 13:29:35","root","localhost.localdomain","cli","tabdump",," hosts","Allowed",,
"213","05-04-2010 13:29:53","root","localhost.localdomain","cli","tabdump",," mac","Allowed",,
"214","05-04-2010 13:35:23","root","localhost.localdomain","cli","nodeset","node1016,node1017"," stat","Allowed",,
"215","05-04-2010 13:35:27","root","localhost.localdomain","cli","rpower","node1016,node1017"," boot","Allowed",,
"216","05-04-2010 14:16:27","root","localhost.localdomain","cli","nodeset","node1019-node1031"," boot","Allowed",,
"217","05-04-2010 14:16:32","root","localhost.localdomain","cli","nodeset","node1019-node1031"," install","Allowed",,
"218","05-04-2010 14:17:01","root","localhost.localdomain","cli","rpower","node1019-node1031"," boot","Allowed",,
"219","05-04-2010 14:50:05","root","localhost.localdomain","cli","nodeset","node1031"," install","Allowed",,
"220","05-04-2010 15:53:38","root","localhost.localdomain","cli","tabdump",," bootparams","Allowed",,
"221","05-04-2010 15:53:53","root","localhost.localdomain","cli","tabdump",," site","Allowed",,
"222","05-04-2010 15:53:58","root","localhost.localdomain","cli","tabdump",,,"Allowed",,
"223","05-04-2010 15:54:02","root","localhost.localdomain","cli","tabdump",," networks","Allowed",,
"224","05-04-2010 15:54:25","root","localhost.localdomain","cli","tabdump",," noderes","Allowed",,
"225","05-04-2010 16:11:48","root","localhost.localdomain","cli","nodeset","node1021,node1023,node1027,node1030,node1031"," install","Allowed",,
"226","05-04-2010 16:12:02","root","localhost.localdomain","cli","rpower","node1021,node1023,node1027,node1030,node1031"," boot","Allowed",,
"227","05-04-2010 17:02:25","root","localhost.localdomain","cli","nodeset","node1016,node1017,node1029"," install","Allowed",,
"228","05-04-2010 17:48:56","root","localhost.localdomain","cli","rpower","node1016"," boot","Allowed",,
"229","05-05-2010 12:36:38","root","localhost.localdomain","cli","nodeset","node1029"," install","Allowed",,
"230","05-06-2010 17:36:30","root","localhost.localdomain","cli","rpower","crd6"," boot","Allowed",,
"231","05-06-2010 17:59:07","root","localhost.localdomain","cli","nodels",,,"Allowed",,
"232","05-06-2010 17:59:57","root","localhost.localdomain","cli","nodels",,,"Allowed",,
"233","05-06-2010 18:07:36","root","localhost.localdomain","cli","nodels",,,"Allowed",,
"234","05-06-2010 18:13:36","root","localhost.localdomain","cli","nodels",,,"Allowed",,
"235","05-06-2010 18:16:07","root","localhost.localdomain","cli","tabdump",," prescripts","Allowed",,
"236","05-06-2010 18:16:22","root","localhost.localdomain","cli","tabrestore",,,"Allowed",,
"237","05-06-2010 18:17:29","root","localhost.localdomain","cli","tabrestore",,,"Allowed",,
"238","05-06-2010 18:18:34","root","localhost.localdomain","cli","nodels",,,"Allowed",,
"239","05-06-2010 18:23:41","root","localhost.localdomain","cli","nodels",,,"Allowed",,
"240","05-06-2010 18:25:45","root","localhost.localdomain","cli","nodels",,,"Allowed",,
"241","05-06-2010 18:28:42","root","localhost.localdomain","cli","nodels",,,"Allowed",,
"242","05-06-2010 18:29:29","root","localhost.localdomain","cli","nodels",,,"Allowed",,
"243","05-06-2010 18:31:33","root","localhost.localdomain","cli","nodels",,,"Allowed",,
"244","05-06-2010 18:32:04","root","localhost.localdomain","cli","nodels",,,"Allowed",,
"245","05-07-2010 20:06:39","root","localhost.localdomain","cli","nodels",,,"Allowed",,
"246","05-10-2010 12:36:10","root","localhost.localdomain","cli","nodeadd",," germanium groups=dell,farm,all mac.mac= 100% 11KB 10.9KB/s 00:00","Allowed",,
"247","05-10-2010 12:36:10","root","localhost.localdomain","cli","tabdump",,,"Allowed",,
"248","05-10-2010 12:36:11","root","localhost.localdomain","cli","tabdump",," auditlog","Allowed",,
"249","05-10-2010 12:36:11","root","localhost.localdomain","cli","tabdump",," bootparams","Allowed",,
"250","05-10-2010 12:39:19","root","localhost.localdomain","cli","nodeadd",," germanium groups=dell,farm,all mac.mac=00:26:B9:66:B3:37 mac.interface=eth0 hosts.ip=192.168.32.251","Allowed",,
"251","05-10-2010 12:39:20","root","localhost.localdomain","cli","tabdump",,,"Allowed",,
"252","05-10-2010 12:39:20","root","localhost.localdomain","cli","tabdump",," auditlog","Allowed",,
"253","05-10-2010 12:39:21","root","localhost.localdomain","cli","tabdump",," bootparams","Allowed",,
"254","05-10-2010 12:39:21","root","localhost.localdomain","cli","tabdump",," boottarget","Allowed",,
"255","05-10-2010 12:39:22","root","localhost.localdomain","cli","tabdump",," chain","Allowed",,
"256","05-10-2010 12:39:22","root","localhost.localdomain","cli","tabdump",," deps","Allowed",,
"257","05-10-2010 12:39:22","root","localhost.localdomain","cli","tabdump",," domain","Allowed",,
"258","05-10-2010 12:39:23","root","localhost.localdomain","cli","tabdump",," eventlog","Allowed",,
"259","05-10-2010 12:39:23","root","localhost.localdomain","cli","tabdump",," hosts","Allowed",,
"260","05-10-2010 12:39:24","root","localhost.localdomain","cli","tabdump",," hypervisor","Allowed",,
"261","05-10-2010 12:39:24","root","localhost.localdomain","cli","tabdump",," ipmi","Allowed",,
"262","05-10-2010 12:39:24","root","localhost.localdomain","cli","tabdump",," iscsi","Allowed",,
"263","05-10-2010 12:39:25","root","localhost.localdomain","cli","tabdump",," linuximage","Allowed",,
"264","05-10-2010 12:39:25","root","localhost.localdomain","cli","tabdump",," litefile","Allowed",,
"265","05-10-2010 12:39:26","root","localhost.localdomain","cli","tabdump",," litetree","Allowed",,
"266","05-10-2010 12:39:26","root","localhost.localdomain","cli","tabdump",," mac","Allowed",,
"267","05-10-2010 12:39:27","root","localhost.localdomain","cli","tabdump",," monitoring","Allowed",,
"268","05-10-2010 12:39:27","root","localhost.localdomain","cli","tabdump",," monsetting","Allowed",,
"269","05-10-2010 12:39:27","root","localhost.localdomain","cli","tabdump",," mp","Allowed",,
"270","05-10-2010 12:39:28","root","localhost.localdomain","cli","tabdump",," mpa","Allowed",,
"271","05-10-2010 12:39:28","root","localhost.localdomain","cli","tabdump",," networks","Allowed",,
"272","05-10-2010 12:39:29","root","localhost.localdomain","cli","tabdump",," nimimage","Allowed",,
"273","05-10-2010 12:39:29","root","localhost.localdomain","cli","tabdump",," nodegroup","Allowed",,
"274","05-10-2010 12:39:29","root","localhost.localdomain","cli","tabdump",," nodehm","Allowed",,
"275","05-10-2010 12:39:30","root","localhost.localdomain","cli","tabdump",," nodelist","Allowed",,
"276","05-10-2010 12:39:30","root","localhost.localdomain","cli","tabdump",," nodepos","Allowed",,
"277","05-10-2010 12:39:31","root","localhost.localdomain","cli","tabdump",," noderes","Allowed",,
"278","05-10-2010 12:39:31","root","localhost.localdomain","cli","tabdump",," nodetype","Allowed",,
"279","05-10-2010 12:39:31","root","localhost.localdomain","cli","tabdump",," notification","Allowed",,
"280","05-10-2010 12:39:32","root","localhost.localdomain","cli","tabdump",," osimage","Allowed",,
"281","05-10-2010 12:39:32","root","localhost.localdomain","cli","tabdump",," passwd","Allowed",,
"282","05-10-2010 12:39:33","root","localhost.localdomain","cli","tabdump",," performance","Allowed",,
"283","05-10-2010 12:39:33","root","localhost.localdomain","cli","tabdump",," policy","Allowed",,
"284","05-10-2010 12:39:33","root","localhost.localdomain","cli","tabdump",," postscripts","Allowed",,
"285","05-10-2010 12:39:34","root","localhost.localdomain","cli","tabdump",," ppc","Allowed",,
"286","05-10-2010 12:39:34","root","localhost.localdomain","cli","tabdump",," ppcdirect","Allowed",,
"287","05-10-2010 12:39:35","root","localhost.localdomain","cli","tabdump",," ppchcp","Allowed",,
"288","05-10-2010 12:39:35","root","localhost.localdomain","cli","tabdump",," prescripts","Allowed",,
"289","05-10-2010 12:39:35","root","localhost.localdomain","cli","tabdump",," prodkey","Allowed",,
"290","05-10-2010 12:39:36","root","localhost.localdomain","cli","tabdump",," servicenode","Allowed",,
"291","05-10-2010 12:39:36","root","localhost.localdomain","cli","tabdump",," site","Allowed",,
"292","05-10-2010 12:39:37","root","localhost.localdomain","cli","tabdump",," statelite","Allowed",,
"293","05-10-2010 12:39:37","root","localhost.localdomain","cli","tabdump",," switch","Allowed",,
"294","05-10-2010 12:39:37","root","localhost.localdomain","cli","tabdump",," switches","Allowed",,
"295","05-10-2010 12:39:38","root","localhost.localdomain","cli","tabdump",," vm","Allowed",,
"296","05-10-2010 12:39:38","root","localhost.localdomain","cli","tabdump",," vpd","Allowed",,
"297","05-10-2010 12:39:39","root","localhost.localdomain","cli","tabdump",," websrv","Allowed",,
"298","05-10-2010 12:39:39","root","localhost.localdomain","cli","tabdump",," zvm","Allowed",,
"299","05-10-2010 12:53:12","root","localhost.localdomain","cli","nodeset","germanium"," install","Allowed",,
"300","05-10-2010 12:53:27","root","localhost.localdomain","cli","tabdump",," prescripts","Allowed",,
"301","05-10-2010 12:53:44","root","localhost.localdomain","cli","tabrestore",,,"Allowed",,
"302","05-10-2010 12:53:46","root","localhost.localdomain","cli","nodeset","germanium"," install","Allowed",,
"303","05-10-2010 12:53:57","root","localhost.localdomain","cli","nodeset","germanium"," boot","Allowed",,
"304","05-10-2010 12:54:01","root","localhost.localdomain","cli","nodeset","germanium"," install","Allowed",,
"305","05-10-2010 12:54:32","root","localhost.localdomain","cli","rpower","germanium"," boot","Allowed",,
"306","05-10-2010 12:55:17","root","localhost.localdomain","cli","makehosts","germanium",,"Allowed",,
"307","05-10-2010 12:55:21","root","localhost.localdomain","cli","makedhcp","germanium",,"Allowed",,
"308","05-10-2010 12:57:45","root","localhost.localdomain","cli","tabdump",," mac","Allowed",,
"309","05-10-2010 12:58:00","root","localhost.localdomain","cli","nodeset","germanium"," install","Allowed",,
"310","05-10-2010 13:05:51","root","localhost.localdomain","cli","tabdump",," nodetype","Allowed",,
"311","05-10-2010 13:06:40","root","localhost.localdomain","cli","tabdump",," nodelist","Allowed",,
"312","05-10-2010 13:11:34","root","localhost.localdomain","cli","nodeset","germanium"," install","Allowed",,
"313","05-10-2010 13:11:45","root","localhost.localdomain","cli","rpower","germanium"," boot","Allowed",,
"314","05-10-2010 14:22:05","root","localhost.localdomain","cli","nodeset","germanium"," install","Allowed",,
"315","05-10-2010 14:23:56","root","localhost.localdomain","cli","nodeset","germanium"," stat","Allowed",,
"316","05-10-2010 14:24:00","root","localhost.localdomain","cli","nodeset","germanium"," boot","Allowed",,
"317","05-10-2010 14:25:19","root","localhost.localdomain","cli","tabdump",," nodehm","Allowed",,
"318","05-10-2010 14:25:37","root","localhost.localdomain","cli","tabdump",," ipmi","Allowed",,
"319","05-10-2010 14:26:18","root","localhost.localdomain","cli","rpower","stat"," germanium","Allowed",,
"320","05-10-2010 14:26:25","root","localhost.localdomain","cli","rpower","germanium"," stat","Allowed",,
"321","05-10-2010 14:26:29","root","localhost.localdomain","cli","rpower","germanium"," boot","Allowed",,
"322","05-10-2010 14:29:12","root","localhost.localdomain","cli","nodeset","germanium"," stat","Allowed",,
"323","05-10-2010 14:29:21","root","localhost.localdomain","cli","rpower","germanium"," boot","Allowed",,
"324","05-10-2010 14:29:28","root","localhost.localdomain","cli","nodeset","germanium"," install","Allowed",,
"325","05-10-2010 17:09:26","root","localhost.localdomain","cli","nodeset","germanium"," install","Allowed",,
"326","05-10-2010 17:17:44","root","localhost.localdomain","cli","nodeset","germanium"," install","Allowed",,
"327","05-10-2010 17:17:58","root","localhost.localdomain","cli","nodeset","germanium"," boot","Allowed",,
"328","05-10-2010 17:36:52","root","localhost.localdomain","cli","nodeset","germanium"," install","Allowed",,
"329","05-10-2010 17:37:38","root","localhost.localdomain","cli","rpower","germanium"," boot","Allowed",,
"330","05-10-2010 17:56:09","root","localhost.localdomain","cli","nodeset","germanium"," stat","Allowed",,
"331","05-10-2010 18:09:23","root","localhost.localdomain","cli","nodeset","germanium"," install","Allowed",,
"332","05-10-2010 18:46:19","root","localhost.localdomain","cli","nodeset","germanium"," install","Allowed",,
"333","05-10-2010 18:46:27","root","localhost.localdomain","cli","rpower","germanium"," boot","Allowed",,
"334","05-10-2010 18:52:20","root","localhost.localdomain","cli","tabdump",," nodetype","Allowed",,
"335","05-10-2010 18:52:40","root","localhost.localdomain","cli","tabgrep","rh",,"Allowed",,
"336","05-10-2010 18:52:51","root","localhost.localdomain","cli","tabdump",," nodelist","Allowed",,
"337","05-10-2010 18:53:29","root","localhost.localdomain","cli","tabdump",," noderes","Allowed",,
"338","05-11-2010 11:38:24","root","localhost.localdomain","cli","nodeset","germanium"," stat","Allowed",,
"339","05-11-2010 11:38:30","root","localhost.localdomain","cli","nodeset","germanium"," install","Allowed",,
"340","05-11-2010 12:15:37","root","localhost.localdomain","cli","nodeset","germanium"," boot","Allowed",,
"341","05-11-2010 12:15:46","root","localhost.localdomain","cli","nodeset","germanium"," install","Allowed",,
"342","05-11-2010 12:16:49","root","localhost.localdomain","cli","rpower","germanium"," boot","Allowed",,
"343","05-11-2010 12:49:20","root","localhost.localdomain","cli","nodeset","germanium"," install","Allowed",,
"344","05-11-2010 12:49:29","root","localhost.localdomain","cli","rpower","germanium"," boot","Allowed",,
"345","05-11-2010 17:21:27","root","localhost.localdomain","cli","nodeset","node328"," stat","Allowed",,
"346","05-11-2010 17:21:30","root","localhost.localdomain","cli","nodeset","node328"," install","Allowed",,
"347","05-11-2010 17:21:37","root","localhost.localdomain","cli","rpower","node328"," boot","Allowed",,
"348","05-12-2010 16:19:16","root","localhost.localdomain","cli","nodels",,,"Allowed",,
"349","05-13-2010 11:06:40","root","localhost.localdomain","cli","nodeset","germanium"," install","Allowed",,
"350","05-13-2010 12:03:58","root","localhost.localdomain","cli","nodeadd",," scandium groups=dell,db,all mac.mac=00:26:B9:66:B2:A8 hosts.ip=192.168.32.56 mac.interface=eth0","Allowed",,
"351","05-13-2010 12:03:58","root","localhost.localdomain","cli","tabdump",,,"Allowed",,
"352","05-13-2010 12:03:59","root","localhost.localdomain","cli","tabdump",," auditlog","Allowed",,
"353","05-13-2010 12:03:59","root","localhost.localdomain","cli","tabdump",," bootparams","Allowed",,
"354","05-13-2010 12:04:00","root","localhost.localdomain","cli","tabdump",," boottarget","Allowed",,
"355","05-13-2010 12:04:00","root","localhost.localdomain","cli","tabdump",," chain","Allowed",,
"356","05-13-2010 12:04:01","root","localhost.localdomain","cli","tabdump",," deps","Allowed",,
"357","05-13-2010 12:04:01","root","localhost.localdomain","cli","tabdump",," domain","Allowed",,
"358","05-13-2010 12:04:01","root","localhost.localdomain","cli","tabdump",," eventlog","Allowed",,
"359","05-13-2010 12:04:02","root","localhost.localdomain","cli","tabdump",," hosts","Allowed",,
"360","05-13-2010 12:04:02","root","localhost.localdomain","cli","tabdump",," hypervisor","Allowed",,
"361","05-13-2010 12:04:03","root","localhost.localdomain","cli","tabdump",," ipmi","Allowed",,
"362","05-13-2010 12:04:03","root","localhost.localdomain","cli","tabdump",," iscsi","Allowed",,
"363","05-13-2010 12:04:03","root","localhost.localdomain","cli","tabdump",," linuximage","Allowed",,
"364","05-13-2010 12:04:04","root","localhost.localdomain","cli","tabdump",," litefile","Allowed",,
"365","05-13-2010 12:04:04","root","localhost.localdomain","cli","tabdump",," litetree","Allowed",,
"366","05-13-2010 12:04:05","root","localhost.localdomain","cli","tabdump",," mac","Allowed",,
"367","05-13-2010 12:04:05","root","localhost.localdomain","cli","tabdump",," monitoring","Allowed",,
"368","05-13-2010 12:04:05","root","localhost.localdomain","cli","tabdump",," monsetting","Allowed",,
"369","05-13-2010 12:04:06","root","localhost.localdomain","cli","tabdump",," mp","Allowed",,
"370","05-13-2010 12:04:06","root","localhost.localdomain","cli","tabdump",," mpa","Allowed",,
"371","05-13-2010 12:04:07","root","localhost.localdomain","cli","tabdump",," networks","Allowed",,
"372","05-13-2010 12:04:07","root","localhost.localdomain","cli","tabdump",," nimimage","Allowed",,
"373","05-13-2010 12:04:07","root","localhost.localdomain","cli","tabdump",," nodegroup","Allowed",,
"374","05-13-2010 12:04:08","root","localhost.localdomain","cli","tabdump",," nodehm","Allowed",,
"375","05-13-2010 12:04:08","root","localhost.localdomain","cli","tabdump",," nodelist","Allowed",,
"376","05-13-2010 12:04:09","root","localhost.localdomain","cli","tabdump",," nodepos","Allowed",,
"377","05-13-2010 12:04:09","root","localhost.localdomain","cli","tabdump",," noderes","Allowed",,
"378","05-13-2010 12:04:09","root","localhost.localdomain","cli","tabdump",," nodetype","Allowed",,
"379","05-13-2010 12:04:10","root","localhost.localdomain","cli","tabdump",," notification","Allowed",,
"380","05-13-2010 12:04:10","root","localhost.localdomain","cli","tabdump",," osimage","Allowed",,
"381","05-13-2010 12:04:11","root","localhost.localdomain","cli","tabdump",," passwd","Allowed",,
"382","05-13-2010 12:04:11","root","localhost.localdomain","cli","tabdump",," performance","Allowed",,
"383","05-13-2010 12:04:12","root","localhost.localdomain","cli","tabdump",," policy","Allowed",,
"384","05-13-2010 12:04:12","root","localhost.localdomain","cli","tabdump",," postscripts","Allowed",,
"385","05-13-2010 12:04:12","root","localhost.localdomain","cli","tabdump",," ppc","Allowed",,
"386","05-13-2010 12:04:13","root","localhost.localdomain","cli","tabdump",," ppcdirect","Allowed",,
"387","05-13-2010 12:04:13","root","localhost.localdomain","cli","tabdump",," ppchcp","Allowed",,
"388","05-13-2010 12:04:14","root","localhost.localdomain","cli","tabdump",," prescripts","Allowed",,
"389","05-13-2010 12:04:14","root","localhost.localdomain","cli","tabdump",," prodkey","Allowed",,
"390","05-13-2010 12:04:14","root","localhost.localdomain","cli","tabdump",," servicenode","Allowed",,
"391","05-13-2010 12:04:15","root","localhost.localdomain","cli","tabdump",," site","Allowed",,
"392","05-13-2010 12:04:15","root","localhost.localdomain","cli","tabdump",," statelite","Allowed",,
"393","05-13-2010 12:04:16","root","localhost.localdomain","cli","tabdump",," switch","Allowed",,
"394","05-13-2010 12:04:16","root","localhost.localdomain","cli","tabdump",," switches","Allowed",,
"395","05-13-2010 12:04:16","root","localhost.localdomain","cli","tabdump",," vm","Allowed",,
"396","05-13-2010 12:04:17","root","localhost.localdomain","cli","tabdump",," vpd","Allowed",,
"397","05-13-2010 12:04:17","root","localhost.localdomain","cli","tabdump",," websrv","Allowed",,
"398","05-13-2010 12:04:18","root","localhost.localdomain","cli","tabdump",," zvm","Allowed",,
"399","05-13-2010 12:07:03","root","localhost.localdomain","cli","nodeset","scandium"," install","Allowed",,
"400","05-13-2010 12:14:00","root","localhost.localdomain","cli","rpower","scandium"," boot","Allowed",,
"401","05-13-2010 12:18:11","root","localhost.localdomain","cli","makehosts","scandium",,"Allowed",,
"402","05-13-2010 12:18:12","root","localhost.localdomain","cli","makedhcp","scandium",,"Allowed",,
"403","05-13-2010 12:18:38","root","localhost.localdomain","cli","rpower","scandium"," boot","Allowed",,
"404","05-13-2010 12:45:45","root","localhost.localdomain","cli","tabdump",," mac","Allowed",,
"405","05-13-2010 12:45:59","root","localhost.localdomain","cli","tabdump",," hosts","Allowed",,
"406","05-13-2010 13:12:44","root","localhost.localdomain","cli","rpower","scandium"," boot","Allowed",,
"407","05-13-2010 13:21:05","root","localhost.localdomain","cli","rpower","scandium"," boot","Allowed",,
"408","05-13-2010 13:26:19","root","localhost.localdomain","cli","nodeset","scandium"," install","Allowed",,
"409","05-13-2010 13:26:26","root","localhost.localdomain","cli","rpower","scandium"," boot","Allowed",,
"410","05-13-2010 14:21:05","root","localhost.localdomain","cli","rpower","scandium"," boot","Allowed",,
"411","05-13-2010 14:22:59","root","localhost.localdomain","cli","nodeset","thorium"," install","Allowed",,
"412","05-13-2010 14:24:11","root","localhost.localdomain","cli","tabdump",," mac","Allowed",,
"413","05-13-2010 14:24:23","root","localhost.localdomain","cli","tabdump",," mac","Allowed",,
"414","05-13-2010 14:24:29","root","localhost.localdomain","cli","tabrestore",,,"Allowed",,
"415","05-13-2010 14:24:39","root","localhost.localdomain","cli","makedhcp","scandium",,"Allowed",,
"416","05-13-2010 14:24:54","root","localhost.localdomain","cli","makedhcp","scandium",,"Allowed",,
"417","05-13-2010 14:25:02","root","localhost.localdomain","cli","makehosts","scandium",,"Allowed",,
"418","05-13-2010 14:25:02","root","localhost.localdomain","cli","makedhcp","scandium",,"Allowed",,
"419","05-13-2010 14:25:25","root","localhost.localdomain","cli","nodeset","scandium"," install","Allowed",,
"420","05-13-2010 14:25:32","root","localhost.localdomain","cli","rpower","scandium"," boot","Allowed",,
"421","05-13-2010 17:58:13","root","localhost.localdomain","cli","tabdump",," nodetype","Allowed",,
"422","05-13-2010 18:00:15","root","localhost.localdomain","cli","nodels",,,"Allowed",,
"423","05-13-2010 18:16:19","root","localhost.localdomain","cli","nodels",,,"Allowed",,
"424","05-14-2010 17:33:30","root","localhost.localdomain","cli","tabdump",," mac","Allowed",,
"425","05-14-2010 17:33:45","root","localhost.localdomain","cli","makehosts","crd5",,"Allowed",,
"426","05-14-2010 17:33:51","root","localhost.localdomain","cli","makedhcp","crd5",,"Allowed",,
"427","05-14-2010 17:34:13","root","localhost.localdomain","cli","nodeset","crd5"," install","Allowed",,
"428","05-14-2010 17:35:35","root","localhost.localdomain","cli","rpower","crd5"," boot","Allowed",,
"429","05-17-2010 11:09:35","root","localhost.localdomain","cli","nodeadd",," roquefort groups=farm,all mac.interface=eth0 hosts.ip=192.168.32.149 mac.mac=00:22:19:19:71:4d nodehm.mgt=ipmi nodehm.power=ipmi","Allowed",,
"430","05-17-2010 11:09:35","root","localhost.localdomain","cli","tabdump",,,"Allowed",,
"431","05-17-2010 11:09:36","root","localhost.localdomain","cli","tabdump",," auditlog","Allowed",,
"432","05-17-2010 11:09:36","root","localhost.localdomain","cli","tabdump",," bootparams","Allowed",,
"433","05-17-2010 11:09:37","root","localhost.localdomain","cli","tabdump",," boottarget","Allowed",,
"434","05-17-2010 11:09:37","root","localhost.localdomain","cli","tabdump",," chain","Allowed",,
"435","05-17-2010 11:09:37","root","localhost.localdomain","cli","tabdump",," deps","Allowed",,
"436","05-17-2010 11:09:38","root","localhost.localdomain","cli","tabdump",," domain","Allowed",,
"437","05-17-2010 11:09:38","root","localhost.localdomain","cli","tabdump",," eventlog","Allowed",,
"438","05-17-2010 11:09:39","root","localhost.localdomain","cli","tabdump",," hosts","Allowed",,
"439","05-17-2010 11:09:39","root","localhost.localdomain","cli","tabdump",," hypervisor","Allowed",,
"440","05-17-2010 11:09:39","root","localhost.localdomain","cli","tabdump",," ipmi","Allowed",,
"441","05-17-2010 11:09:40","root","localhost.localdomain","cli","tabdump",," iscsi","Allowed",,
"442","05-17-2010 11:09:40","root","localhost.localdomain","cli","tabdump",," linuximage","Allowed",,
"443","05-17-2010 11:09:41","root","localhost.localdomain","cli","tabdump",," litefile","Allowed",,
"444","05-17-2010 11:09:41","root","localhost.localdomain","cli","tabdump",," litetree","Allowed",,
"445","05-17-2010 11:09:41","root","localhost.localdomain","cli","tabdump",," mac","Allowed",,
"446","05-17-2010 11:09:42","root","localhost.localdomain","cli","tabdump",," monitoring","Allowed",,
"447","05-17-2010 11:09:42","root","localhost.localdomain","cli","tabdump",," monsetting","Allowed",,
"448","05-17-2010 11:09:43","root","localhost.localdomain","cli","tabdump",," mp","Allowed",,
"449","05-17-2010 11:09:43","root","localhost.localdomain","cli","tabdump",," mpa","Allowed",,
"450","05-17-2010 11:09:43","root","localhost.localdomain","cli","tabdump",," networks","Allowed",,
"451","05-17-2010 11:09:44","root","localhost.localdomain","cli","tabdump",," nimimage","Allowed",,
"452","05-17-2010 11:09:44","root","localhost.localdomain","cli","tabdump",," nodegroup","Allowed",,
"453","05-17-2010 11:09:45","root","localhost.localdomain","cli","tabdump",," nodehm","Allowed",,
"454","05-17-2010 11:09:45","root","localhost.localdomain","cli","tabdump",," nodelist","Allowed",,
"455","05-17-2010 11:09:45","root","localhost.localdomain","cli","tabdump",," nodepos","Allowed",,
"456","05-17-2010 11:09:46","root","localhost.localdomain","cli","tabdump",," noderes","Allowed",,
"457","05-17-2010 11:09:46","root","localhost.localdomain","cli","tabdump",," nodetype","Allowed",,
"458","05-17-2010 11:09:47","root","localhost.localdomain","cli","tabdump",," notification","Allowed",,
"459","05-17-2010 11:09:47","root","localhost.localdomain","cli","tabdump",," osimage","Allowed",,
"460","05-17-2010 11:09:47","root","localhost.localdomain","cli","tabdump",," passwd","Allowed",,
"461","05-17-2010 11:09:48","root","localhost.localdomain","cli","tabdump",," performance","Allowed",,
"462","05-17-2010 11:09:48","root","localhost.localdomain","cli","tabdump",," policy","Allowed",,
"463","05-17-2010 11:09:49","root","localhost.localdomain","cli","tabdump",," postscripts","Allowed",,
"464","05-17-2010 11:09:49","root","localhost.localdomain","cli","tabdump",," ppc","Allowed",,
"465","05-17-2010 11:09:50","root","localhost.localdomain","cli","tabdump",," ppcdirect","Allowed",,
"466","05-17-2010 11:09:50","root","localhost.localdomain","cli","tabdump",," ppchcp","Allowed",,
"467","05-17-2010 11:09:50","root","localhost.localdomain","cli","tabdump",," prescripts","Allowed",,
"468","05-17-2010 11:09:51","root","localhost.localdomain","cli","tabdump",," prodkey","Allowed",,
"469","05-17-2010 11:09:51","root","localhost.localdomain","cli","tabdump",," servicenode","Allowed",,
"470","05-17-2010 11:09:52","root","localhost.localdomain","cli","tabdump",," site","Allowed",,
"471","05-17-2010 11:09:52","root","localhost.localdomain","cli","tabdump",," statelite","Allowed",,
"472","05-17-2010 11:09:52","root","localhost.localdomain","cli","tabdump",," switch","Allowed",,
"473","05-17-2010 11:09:53","root","localhost.localdomain","cli","tabdump",," switches","Allowed",,
"474","05-17-2010 11:09:53","root","localhost.localdomain","cli","tabdump",," vm","Allowed",,
"475","05-17-2010 11:09:54","root","localhost.localdomain","cli","tabdump",," vpd","Allowed",,
"476","05-17-2010 11:09:54","root","localhost.localdomain","cli","tabdump",," websrv","Allowed",,
"477","05-17-2010 11:09:54","root","localhost.localdomain","cli","tabdump",," zvm","Allowed",,
"478","05-17-2010 11:10:14","root","localhost.localdomain","cli","makehosts","roquefort",,"Allowed",,
"479","05-17-2010 11:10:15","root","localhost.localdomain","cli","makedhcp","roquefort",,"Allowed",,
"480","05-17-2010 11:10:26","root","localhost.localdomain","cli","nodels",,,"Allowed",,
"481","05-17-2010 11:10:32","root","localhost.localdomain","cli","nodeset","roquefort"," install","Allowed",,
"482","05-17-2010 11:34:29","root","localhost.localdomain","cli","nodeset","crd5"," install","Allowed",,
"483","05-17-2010 12:21:16","root","localhost.localdomain","cli","nodeset","roquefort"," stat","Allowed",,
"484","05-17-2010 13:21:19","root","localhost.localdomain","cli","tabdump",," prescripts","Allowed",,
"485","05-17-2010 13:21:34","root","localhost.localdomain","cli","nodeset","node328"," install","Allowed",,
"486","05-17-2010 13:29:03","root","localhost.localdomain","cli","nodeset","node328"," boot","Allowed",,
"487","05-17-2010 13:48:08","root","localhost.localdomain","cli","tabdump",," nodetype","Allowed",,
"488","05-17-2010 13:48:20","root","localhost.localdomain","cli","tabdump",," nodelist","Allowed",,
"489","05-17-2010 13:48:55","root","localhost.localdomain","cli","tabdump",," nodelist","Allowed",,
"490","05-17-2010 13:49:04","root","localhost.localdomain","cli","tabrestore",,,"Allowed",,
"491","05-17-2010 14:04:09","root","localhost.localdomain","cli","nodeset","install"," roquefort","Allowed",,
"492","05-17-2010 14:04:15","root","localhost.localdomain","cli","nodeset","roquefort"," install","Allowed",,
"493","05-17-2010 15:21:35","root","localhost.localdomain","cli","nodeset","roquefort"," install","Allowed",,
"494","05-17-2010 15:54:30","root","localhost.localdomain","cli","nodeset","roquefort"," install","Allowed",,
"495","05-18-2010 09:27:22","root","localhost.localdomain","cli","nodeadd",," node1149 groups=farm,all mac.interface=eth0 hosts.ip=192.168.34.199 mac.mac=00:1D:09:FC:DB:CC nodehm.mgt=ipmi nodehm.power=ipmi","Allowed",,
"496","05-18-2010 09:27:23","root","localhost.localdomain","cli","tabdump",,,"Allowed",,
"497","05-18-2010 09:27:23","root","localhost.localdomain","cli","tabdump",," auditlog","Allowed",,
"498","05-18-2010 09:27:23","root","localhost.localdomain","cli","tabdump",," bootparams","Allowed",,
"499","05-18-2010 09:27:24","root","localhost.localdomain","cli","tabdump",," boottarget","Allowed",,
"500","05-18-2010 09:27:24","root","localhost.localdomain","cli","tabdump",," chain","Allowed",,
"501","05-18-2010 09:27:25","root","localhost.localdomain","cli","tabdump",," deps","Allowed",,
"502","05-18-2010 09:27:25","root","localhost.localdomain","cli","tabdump",," domain","Allowed",,
"503","05-18-2010 09:27:26","root","localhost.localdomain","cli","tabdump",," eventlog","Allowed",,
"504","05-18-2010 09:27:26","root","localhost.localdomain","cli","tabdump",," hosts","Allowed",,
"505","05-18-2010 09:27:26","root","localhost.localdomain","cli","tabdump",," hypervisor","Allowed",,
"506","05-18-2010 09:27:27","root","localhost.localdomain","cli","tabdump",," ipmi","Allowed",,
"507","05-18-2010 09:27:27","root","localhost.localdomain","cli","tabdump",," iscsi","Allowed",,
"508","05-18-2010 09:27:28","root","localhost.localdomain","cli","tabdump",," linuximage","Allowed",,
"509","05-18-2010 09:27:28","root","localhost.localdomain","cli","tabdump",," litefile","Allowed",,
"510","05-18-2010 09:27:28","root","localhost.localdomain","cli","tabdump",," litetree","Allowed",,
"511","05-18-2010 09:27:29","root","localhost.localdomain","cli","tabdump",," mac","Allowed",,
"512","05-18-2010 09:27:29","root","localhost.localdomain","cli","tabdump",," monitoring","Allowed",,
"513","05-18-2010 09:27:30","root","localhost.localdomain","cli","tabdump",," monsetting","Allowed",,
"514","05-18-2010 09:27:30","root","localhost.localdomain","cli","tabdump",," mp","Allowed",,
"515","05-18-2010 09:27:30","root","localhost.localdomain","cli","tabdump",," mpa","Allowed",,
"516","05-18-2010 09:27:31","root","localhost.localdomain","cli","tabdump",," networks","Allowed",,
"517","05-18-2010 09:27:31","root","localhost.localdomain","cli","tabdump",," nimimage","Allowed",,
"518","05-18-2010 09:27:32","root","localhost.localdomain","cli","tabdump",," nodegroup","Allowed",,
"519","05-18-2010 09:27:32","root","localhost.localdomain","cli","tabdump",," nodehm","Allowed",,
"520","05-18-2010 09:27:32","root","localhost.localdomain","cli","tabdump",," nodelist","Allowed",,
"521","05-18-2010 09:27:33","root","localhost.localdomain","cli","tabdump",," nodepos","Allowed",,
"522","05-18-2010 09:27:33","root","localhost.localdomain","cli","tabdump",," noderes","Allowed",,
"523","05-18-2010 09:27:34","root","localhost.localdomain","cli","tabdump",," nodetype","Allowed",,
"524","05-18-2010 09:27:34","root","localhost.localdomain","cli","tabdump",," notification","Allowed",,
"525","05-18-2010 09:27:35","root","localhost.localdomain","cli","tabdump",," osimage","Allowed",,
"526","05-18-2010 09:27:35","root","localhost.localdomain","cli","tabdump",," passwd","Allowed",,
"527","05-18-2010 09:27:35","root","localhost.localdomain","cli","tabdump",," performance","Allowed",,
"528","05-18-2010 09:27:36","root","localhost.localdomain","cli","tabdump",," policy","Allowed",,
"529","05-18-2010 09:27:36","root","localhost.localdomain","cli","tabdump",," postscripts","Allowed",,
"530","05-18-2010 09:27:37","root","localhost.localdomain","cli","tabdump",," ppc","Allowed",,
"531","05-18-2010 09:27:37","root","localhost.localdomain","cli","tabdump",," ppcdirect","Allowed",,
"532","05-18-2010 09:27:37","root","localhost.localdomain","cli","tabdump",," ppchcp","Allowed",,
"533","05-18-2010 09:27:38","root","localhost.localdomain","cli","tabdump",," prescripts","Allowed",,
"534","05-18-2010 09:27:38","root","localhost.localdomain","cli","tabdump",," prodkey","Allowed",,
"535","05-18-2010 09:27:38","root","localhost.localdomain","cli","tabdump",," servicenode","Allowed",,
"536","05-18-2010 09:27:39","root","localhost.localdomain","cli","tabdump",," site","Allowed",,
"537","05-18-2010 09:27:39","root","localhost.localdomain","cli","tabdump",," statelite","Allowed",,
"538","05-18-2010 09:27:40","root","localhost.localdomain","cli","tabdump",," switch","Allowed",,
"539","05-18-2010 09:27:40","root","localhost.localdomain","cli","tabdump",," switches","Allowed",,
"540","05-18-2010 09:27:41","root","localhost.localdomain","cli","tabdump",," vm","Allowed",,
"541","05-18-2010 09:27:41","root","localhost.localdomain","cli","tabdump",," vpd","Allowed",,
"542","05-18-2010 09:27:41","root","localhost.localdomain","cli","tabdump",," websrv","Allowed",,
"543","05-18-2010 09:27:42","root","localhost.localdomain","cli","tabdump",," zvm","Allowed",,
"544","05-18-2010 09:29:36","root","localhost.localdomain","cli","makehosts","node1149",,"Allowed",,
"545","05-18-2010 09:29:37","root","localhost.localdomain","cli","makedhcp","node1149",,"Allowed",,
"546","05-18-2010 09:36:03","root","localhost.localdomain","cli","nodeset","node1149"," install","Allowed",,
"547","05-18-2010 11:42:32","root","localhost.localdomain","cli","nodeset","node1149"," install","Allowed",,
"548","05-18-2010 15:40:56","root","localhost.localdomain","cli","nodels",,,"Allowed",,
"549","05-18-2010 16:32:50","root","localhost.localdomain","cli","nodeset","node1149"," install","Allowed",,
"550","05-19-2010 09:54:22","root","localhost.localdomain","cli","nodeset","node1149"," install","Allowed",,
"551","05-19-2010 11:36:16","root","localhost.localdomain","cli","nodeset","node1149"," install","Allowed",,
"552","05-19-2010 14:14:21","root","localhost.localdomain","cli","nodeset","node1149"," install","Allowed",,
"553","05-19-2010 14:48:03","root","localhost.localdomain","cli","tabgrep","node1144",,"Allowed",,
"554","05-19-2010 14:48:05","root","localhost.localdomain","cli","nodeadd",," node1144 groups=dell,farm,all mac.interface=eth0 hosts.ip=192.168.34.194 mac.mac=","Allowed",,
"555","05-19-2010 14:48:06","root","localhost.localdomain","cli","tabdump",,,"Allowed",,
"556","05-19-2010 14:48:06","root","localhost.localdomain","cli","tabdump",," auditlog","Allowed",,
"557","05-19-2010 14:48:07","root","localhost.localdomain","cli","tabdump",," bootparams","Allowed",,
"558","05-19-2010 14:48:07","root","localhost.localdomain","cli","tabdump",," boottarget","Allowed",,
"559","05-19-2010 14:48:08","root","localhost.localdomain","cli","tabdump",," chain","Allowed",,
"560","05-19-2010 14:48:08","root","localhost.localdomain","cli","tabdump",," deps","Allowed",,
"561","05-19-2010 14:48:08","root","localhost.localdomain","cli","tabdump",," domain","Allowed",,
"562","05-19-2010 14:48:09","root","localhost.localdomain","cli","tabdump",," eventlog","Allowed",,
"563","05-19-2010 14:48:09","root","localhost.localdomain","cli","tabdump",," hosts","Allowed",,
"564","05-19-2010 14:48:10","root","localhost.localdomain","cli","tabdump",," hypervisor","Allowed",,
"565","05-19-2010 14:48:10","root","localhost.localdomain","cli","tabdump",," ipmi","Allowed",,
"566","05-19-2010 14:48:10","root","localhost.localdomain","cli","tabdump",," iscsi","Allowed",,
"567","05-19-2010 14:48:11","root","localhost.localdomain","cli","tabdump",," linuximage","Allowed",,
"568","05-19-2010 14:48:11","root","localhost.localdomain","cli","tabdump",," litefile","Allowed",,
"569","05-19-2010 14:48:12","root","localhost.localdomain","cli","tabdump",," litetree","Allowed",,
"570","05-19-2010 14:48:12","root","localhost.localdomain","cli","tabdump",," mac","Allowed",,
"571","05-19-2010 14:48:12","root","localhost.localdomain","cli","tabdump",," monitoring","Allowed",,
"572","05-19-2010 14:48:13","root","localhost.localdomain","cli","tabdump",," monsetting","Allowed",,
"573","05-19-2010 14:48:13","root","localhost.localdomain","cli","tabdump",," mp","Allowed",,
"574","05-19-2010 14:48:14","root","localhost.localdomain","cli","tabdump",," mpa","Allowed",,
"575","05-19-2010 14:48:14","root","localhost.localdomain","cli","tabdump",," networks","Allowed",,
"576","05-19-2010 14:48:14","root","localhost.localdomain","cli","tabdump",," nimimage","Allowed",,
"577","05-19-2010 14:48:15","root","localhost.localdomain","cli","tabdump",," nodegroup","Allowed",,
"578","05-19-2010 14:48:15","root","localhost.localdomain","cli","tabdump",," nodehm","Allowed",,
"579","05-19-2010 14:48:16","root","localhost.localdomain","cli","tabdump",," nodelist","Allowed",,
"580","05-19-2010 14:48:16","root","localhost.localdomain","cli","tabdump",," nodepos","Allowed",,
"581","05-19-2010 14:48:16","root","localhost.localdomain","cli","tabdump",," noderes","Allowed",,
"582","05-19-2010 14:48:17","root","localhost.localdomain","cli","tabdump",," nodetype","Allowed",,
"583","05-19-2010 14:48:17","root","localhost.localdomain","cli","tabdump",," notification","Allowed",,
"584","05-19-2010 14:48:18","root","localhost.localdomain","cli","tabdump",," osimage","Allowed",,
"585","05-19-2010 14:48:18","root","localhost.localdomain","cli","tabdump",," passwd","Allowed",,
"586","05-19-2010 14:48:18","root","localhost.localdomain","cli","tabdump",," performance","Allowed",,
"587","05-19-2010 14:48:19","root","localhost.localdomain","cli","tabdump",," policy","Allowed",,
"588","05-19-2010 14:48:19","root","localhost.localdomain","cli","tabdump",," postscripts","Allowed",,
"589","05-19-2010 14:48:20","root","localhost.localdomain","cli","tabdump",," ppc","Allowed",,
"590","05-19-2010 14:48:20","root","localhost.localdomain","cli","tabdump",," ppcdirect","Allowed",,
"591","05-19-2010 14:48:20","root","localhost.localdomain","cli","tabdump",," ppchcp","Allowed",,
"592","05-19-2010 14:48:21","root","localhost.localdomain","cli","tabdump",," prescripts","Allowed",,
"593","05-19-2010 14:48:21","root","localhost.localdomain","cli","tabdump",," prodkey","Allowed",,
"594","05-19-2010 14:48:22","root","localhost.localdomain","cli","tabdump",," servicenode","Allowed",,
"595","05-19-2010 14:48:22","root","localhost.localdomain","cli","tabdump",," site","Allowed",,
"596","05-19-2010 14:48:22","root","localhost.localdomain","cli","tabdump",," statelite","Allowed",,
"597","05-19-2010 14:48:23","root","localhost.localdomain","cli","tabdump",," switch","Allowed",,
"598","05-19-2010 14:48:23","root","localhost.localdomain","cli","tabdump",," switches","Allowed",,
"599","05-19-2010 14:48:23","root","localhost.localdomain","cli","tabdump",," vm","Allowed",,
"600","05-19-2010 14:48:24","root","localhost.localdomain","cli","tabdump",," vpd","Allowed",,
"601","05-19-2010 14:48:24","root","localhost.localdomain","cli","tabdump",," websrv","Allowed",,
"602","05-19-2010 14:48:25","root","localhost.localdomain","cli","tabdump",," zvm","Allowed",,
"603","05-19-2010 14:49:10","root","localhost.localdomain","cli","makehosts","node1144",,"Allowed",,
"604","05-19-2010 14:49:10","root","localhost.localdomain","cli","makedhcp","node1144",,"Allowed",,
"605","05-19-2010 14:49:15","root","localhost.localdomain","cli","tabgrep","node1145",,"Allowed",,
"606","05-19-2010 14:49:16","root","localhost.localdomain","cli","nodeadd",," node1145 groups=dell,farm,all mac.interface=eth0 hosts.ip=192.168.34.195 mac.mac=","Allowed",,
"607","05-19-2010 14:49:17","root","localhost.localdomain","cli","tabdump",,,"Allowed",,
"608","05-19-2010 14:49:17","root","localhost.localdomain","cli","tabdump",," auditlog","Allowed",,
"609","05-19-2010 14:49:18","root","localhost.localdomain","cli","tabdump",," bootparams","Allowed",,
"610","05-19-2010 14:49:18","root","localhost.localdomain","cli","tabdump",," boottarget","Allowed",,
"611","05-19-2010 14:49:19","root","localhost.localdomain","cli","tabdump",," chain","Allowed",,
"612","05-19-2010 14:49:19","root","localhost.localdomain","cli","tabdump",," deps","Allowed",,
"613","05-19-2010 14:49:20","root","localhost.localdomain","cli","tabdump",," domain","Allowed",,
"614","05-19-2010 14:49:20","root","localhost.localdomain","cli","tabdump",," eventlog","Allowed",,
"615","05-19-2010 14:49:20","root","localhost.localdomain","cli","tabdump",," hosts","Allowed",,
"616","05-19-2010 14:49:21","root","localhost.localdomain","cli","tabdump",," hypervisor","Allowed",,
"617","05-19-2010 14:49:21","root","localhost.localdomain","cli","tabdump",," ipmi","Allowed",,
"618","05-19-2010 14:49:22","root","localhost.localdomain","cli","tabdump",," iscsi","Allowed",,
"619","05-19-2010 14:49:22","root","localhost.localdomain","cli","tabdump",," linuximage","Allowed",,
"620","05-19-2010 14:49:22","root","localhost.localdomain","cli","tabdump",," litefile","Allowed",,
"621","05-19-2010 14:49:23","root","localhost.localdomain","cli","tabdump",," litetree","Allowed",,
"622","05-19-2010 14:49:23","root","localhost.localdomain","cli","tabdump",," mac","Allowed",,
"623","05-19-2010 14:49:24","root","localhost.localdomain","cli","tabdump",," monitoring","Allowed",,
"624","05-19-2010 14:49:24","root","localhost.localdomain","cli","tabdump",," monsetting","Allowed",,
"625","05-19-2010 14:53:06","root","localhost.localdomain","cli","noderm","node1144",,"Allowed",,
"626","05-19-2010 14:53:09","root","localhost.localdomain","cli","tabgrep","node1144",,"Allowed",,
"627","05-19-2010 14:53:10","root","localhost.localdomain","cli","nodeadd",," node1144 groups=dell,farm,all mac.interface=eth0 hosts.ip=192.168.34.194 mac.mac=","Allowed",,
"628","05-19-2010 14:53:11","root","localhost.localdomain","cli","tabdump",,,"Allowed",,
"629","05-19-2010 14:53:11","root","localhost.localdomain","cli","tabdump",," auditlog","Allowed",,
"630","05-19-2010 14:53:12","root","localhost.localdomain","cli","tabdump",," bootparams","Allowed",,
"631","05-19-2010 14:53:12","root","localhost.localdomain","cli","tabdump",," boottarget","Allowed",,
"632","05-19-2010 14:53:13","root","localhost.localdomain","cli","tabdump",," chain","Allowed",,
"633","05-19-2010 14:53:13","root","localhost.localdomain","cli","tabdump",," deps","Allowed",,
"634","05-19-2010 14:53:14","root","localhost.localdomain","cli","tabdump",," domain","Allowed",,
"635","05-19-2010 14:53:14","root","localhost.localdomain","cli","tabdump",," eventlog","Allowed",,
"636","05-19-2010 14:53:15","root","localhost.localdomain","cli","tabdump",," hosts","Allowed",,
"637","05-19-2010 14:53:15","root","localhost.localdomain","cli","tabdump",," hypervisor","Allowed",,
"638","05-19-2010 14:53:15","root","localhost.localdomain","cli","tabdump",," ipmi","Allowed",,
"639","05-19-2010 14:53:16","root","localhost.localdomain","cli","tabdump",," iscsi","Allowed",,
"640","05-19-2010 14:53:16","root","localhost.localdomain","cli","tabdump",," linuximage","Allowed",,
"641","05-19-2010 14:53:17","root","localhost.localdomain","cli","tabdump",," litefile","Allowed",,
"642","05-19-2010 14:53:17","root","localhost.localdomain","cli","tabdump",," litetree","Allowed",,
"643","05-19-2010 14:53:17","root","localhost.localdomain","cli","tabdump",," mac","Allowed",,
"644","05-19-2010 14:53:18","root","localhost.localdomain","cli","tabdump",," monitoring","Allowed",,
"645","05-19-2010 14:53:18","root","localhost.localdomain","cli","tabdump",," monsetting","Allowed",,
"646","05-19-2010 14:53:19","root","localhost.localdomain","cli","tabdump",," mp","Allowed",,
"647","05-19-2010 14:53:19","root","localhost.localdomain","cli","tabdump",," mpa","Allowed",,
"648","05-19-2010 14:53:19","root","localhost.localdomain","cli","tabdump",," networks","Allowed",,
"649","05-19-2010 14:53:20","root","localhost.localdomain","cli","tabdump",," nimimage","Allowed",,
"650","05-19-2010 14:53:20","root","localhost.localdomain","cli","tabdump",," nodegroup","Allowed",,
"651","05-19-2010 14:53:21","root","localhost.localdomain","cli","tabdump",," nodehm","Allowed",,
"652","05-19-2010 14:53:21","root","localhost.localdomain","cli","tabdump",," nodelist","Allowed",,
"653","05-19-2010 14:53:22","root","localhost.localdomain","cli","tabdump",," nodepos","Allowed",,
"654","05-19-2010 14:53:22","root","localhost.localdomain","cli","tabdump",," noderes","Allowed",,
"655","05-19-2010 14:53:22","root","localhost.localdomain","cli","tabdump",," nodetype","Allowed",,
"656","05-19-2010 14:53:23","root","localhost.localdomain","cli","tabdump",," notification","Allowed",,
"657","05-19-2010 14:53:23","root","localhost.localdomain","cli","tabdump",," osimage","Allowed",,
"658","05-19-2010 14:53:24","root","localhost.localdomain","cli","tabdump",," passwd","Allowed",,
"659","05-19-2010 14:53:24","root","localhost.localdomain","cli","tabdump",," performance","Allowed",,
"660","05-19-2010 14:53:24","root","localhost.localdomain","cli","tabdump",," policy","Allowed",,
"661","05-19-2010 14:53:25","root","localhost.localdomain","cli","tabdump",," postscripts","Allowed",,
"662","05-19-2010 14:53:25","root","localhost.localdomain","cli","tabdump",," ppc","Allowed",,
"663","05-19-2010 14:53:26","root","localhost.localdomain","cli","tabdump",," ppcdirect","Allowed",,
"664","05-19-2010 14:53:26","root","localhost.localdomain","cli","tabdump",," ppchcp","Allowed",,
"665","05-19-2010 14:53:26","root","localhost.localdomain","cli","tabdump",," prescripts","Allowed",,
"666","05-19-2010 14:53:27","root","localhost.localdomain","cli","tabdump",," prodkey","Allowed",,
"667","05-19-2010 14:53:27","root","localhost.localdomain","cli","tabdump",," servicenode","Allowed",,
"668","05-19-2010 14:53:28","root","localhost.localdomain","cli","tabdump",," site","Allowed",,
"669","05-19-2010 14:53:28","root","localhost.localdomain","cli","tabdump",," statelite","Allowed",,
"670","05-19-2010 14:53:28","root","localhost.localdomain","cli","tabdump",," switch","Allowed",,
"671","05-19-2010 14:53:29","root","localhost.localdomain","cli","tabdump",," switches","Allowed",,
"672","05-19-2010 14:53:29","root","localhost.localdomain","cli","tabdump",," vm","Allowed",,
"673","05-19-2010 14:53:30","root","localhost.localdomain","cli","tabdump",," vpd","Allowed",,
"674","05-19-2010 14:53:30","root","localhost.localdomain","cli","tabdump",," websrv","Allowed",,
"675","05-19-2010 14:53:31","root","localhost.localdomain","cli","tabdump",," zvm","Allowed",,
"676","05-19-2010 14:54:21","root","localhost.localdomain","cli","makehosts","node1144",,"Allowed",,
"677","05-19-2010 14:54:21","root","localhost.localdomain","cli","makedhcp","node1144",,"Allowed",,
"678","05-19-2010 14:54:26","root","localhost.localdomain","cli","tabgrep","node1145",,"Allowed",,
"679","05-19-2010 14:54:26","root","localhost.localdomain","cli","tabgrep","node1147",,"Allowed",,
"680","05-19-2010 14:54:28","root","localhost.localdomain","cli","nodeadd",," node1147 groups=dell,farm,all mac.interface=eth0 hosts.ip=192.168.34.197 mac.mac=","Allowed",,
"681","05-19-2010 14:54:29","root","localhost.localdomain","cli","tabdump",,,"Allowed",,
"682","05-19-2010 14:54:29","root","localhost.localdomain","cli","tabdump",," auditlog","Allowed",,
"683","05-19-2010 14:54:30","root","localhost.localdomain","cli","tabdump",," bootparams","Allowed",,
"684","05-19-2010 14:54:30","root","localhost.localdomain","cli","tabdump",," boottarget","Allowed",,
"685","05-19-2010 14:54:31","root","localhost.localdomain","cli","tabdump",," chain","Allowed",,
"686","05-19-2010 14:54:31","root","localhost.localdomain","cli","tabdump",," deps","Allowed",,
"687","05-19-2010 14:54:32","root","localhost.localdomain","cli","tabdump",," domain","Allowed",,
"688","05-19-2010 14:54:32","root","localhost.localdomain","cli","tabdump",," eventlog","Allowed",,
"689","05-19-2010 14:54:33","root","localhost.localdomain","cli","tabdump",," hosts","Allowed",,
"690","05-19-2010 14:54:33","root","localhost.localdomain","cli","tabdump",," hypervisor","Allowed",,
"691","05-19-2010 14:54:33","root","localhost.localdomain","cli","tabdump",," ipmi","Allowed",,
"692","05-19-2010 14:54:34","root","localhost.localdomain","cli","tabdump",," iscsi","Allowed",,
"693","05-19-2010 14:54:34","root","localhost.localdomain","cli","tabdump",," linuximage","Allowed",,
"694","05-19-2010 14:54:34","root","localhost.localdomain","cli","tabdump",," litefile","Allowed",,
"695","05-19-2010 14:54:35","root","localhost.localdomain","cli","tabdump",," litetree","Allowed",,
"696","05-19-2010 14:54:35","root","localhost.localdomain","cli","tabdump",," mac","Allowed",,
"697","05-19-2010 14:54:36","root","localhost.localdomain","cli","tabdump",," monitoring","Allowed",,
"698","05-19-2010 14:54:36","root","localhost.localdomain","cli","tabdump",," monsetting","Allowed",,
"699","05-19-2010 14:54:36","root","localhost.localdomain","cli","tabdump",," mp","Allowed",,
"700","05-19-2010 14:54:37","root","localhost.localdomain","cli","tabdump",," mpa","Allowed",,
"701","05-19-2010 14:54:37","root","localhost.localdomain","cli","tabdump",," networks","Allowed",,
"702","05-19-2010 14:54:38","root","localhost.localdomain","cli","tabdump",," nimimage","Allowed",,
"703","05-19-2010 14:54:38","root","localhost.localdomain","cli","tabdump",," nodegroup","Allowed",,
"704","05-19-2010 14:54:38","root","localhost.localdomain","cli","tabdump",," nodehm","Allowed",,
"705","05-19-2010 14:54:39","root","localhost.localdomain","cli","tabdump",," nodelist","Allowed",,
"706","05-19-2010 14:54:39","root","localhost.localdomain","cli","tabdump",," nodepos","Allowed",,
"707","05-19-2010 14:54:40","root","localhost.localdomain","cli","tabdump",," noderes","Allowed",,
"708","05-19-2010 14:54:40","root","localhost.localdomain","cli","tabdump",," nodetype","Allowed",,
"709","05-19-2010 14:54:40","root","localhost.localdomain","cli","tabdump",," notification","Allowed",,
"710","05-19-2010 14:54:41","root","localhost.localdomain","cli","tabdump",," osimage","Allowed",,
"711","05-19-2010 14:54:41","root","localhost.localdomain","cli","tabdump",," passwd","Allowed",,
"712","05-19-2010 14:54:42","root","localhost.localdomain","cli","tabdump",," performance","Allowed",,
"713","05-19-2010 14:54:42","root","localhost.localdomain","cli","tabdump",," policy","Allowed",,
"714","05-19-2010 14:54:42","root","localhost.localdomain","cli","tabdump",," postscripts","Allowed",,
"715","05-19-2010 14:54:43","root","localhost.localdomain","cli","tabdump",," ppc","Allowed",,
"716","05-19-2010 14:54:43","root","localhost.localdomain","cli","tabdump",," ppcdirect","Allowed",,
"717","05-19-2010 14:54:44","root","localhost.localdomain","cli","tabdump",," ppchcp","Allowed",,
"718","05-19-2010 14:54:44","root","localhost.localdomain","cli","tabdump",," prescripts","Allowed",,
"719","05-19-2010 14:54:44","root","localhost.localdomain","cli","tabdump",," prodkey","Allowed",,
"720","05-19-2010 14:54:45","root","localhost.localdomain","cli","tabdump",," servicenode","Allowed",,
"721","05-19-2010 14:54:45","root","localhost.localdomain","cli","tabdump",," site","Allowed",,
"722","05-19-2010 14:54:46","root","localhost.localdomain","cli","tabdump",," statelite","Allowed",,
"723","05-19-2010 14:54:46","root","localhost.localdomain","cli","tabdump",," switch","Allowed",,
"724","05-19-2010 14:54:46","root","localhost.localdomain","cli","tabdump",," switches","Allowed",,
"725","05-19-2010 14:54:47","root","localhost.localdomain","cli","tabdump",," vm","Allowed",,
"726","05-19-2010 14:54:47","root","localhost.localdomain","cli","tabdump",," vpd","Allowed",,
"727","05-19-2010 14:54:47","root","localhost.localdomain","cli","tabdump",," websrv","Allowed",,
"728","05-19-2010 14:54:48","root","localhost.localdomain","cli","tabdump",," zvm","Allowed",,
"729","05-19-2010 14:55:16","root","localhost.localdomain","cli","tabdump",," nodelist","Allowed",,
"730","05-19-2010 14:55:23","root","localhost.localdomain","cli","tabdump",," hosts","Allowed",,
"731","05-19-2010 14:55:27","root","localhost.localdomain","cli","tabdump",," mac","Allowed",,
"732","05-19-2010 14:55:38","root","localhost.localdomain","cli","makehosts","node1147",,"Allowed",,
"733","05-19-2010 14:55:38","root","localhost.localdomain","cli","makedhcp","node1147",,"Allowed",,
"734","05-19-2010 14:55:43","root","localhost.localdomain","cli","tabgrep","node1148",,"Allowed",,
"735","05-19-2010 14:55:44","root","localhost.localdomain","cli","nodeadd",," node1148 groups=dell,farm,all mac.interface=eth0 hosts.ip=192.168.34.198 mac.mac=","Allowed",,
"736","05-19-2010 14:55:45","root","localhost.localdomain","cli","tabdump",,,"Allowed",,
"737","05-19-2010 14:55:45","root","localhost.localdomain","cli","tabdump",," auditlog","Allowed",,
"738","05-19-2010 14:55:46","root","localhost.localdomain","cli","tabdump",," bootparams","Allowed",,
"739","05-19-2010 14:55:46","root","localhost.localdomain","cli","tabdump",," boottarget","Allowed",,
"740","05-19-2010 14:55:47","root","localhost.localdomain","cli","tabdump",," chain","Allowed",,
"741","05-19-2010 14:55:47","root","localhost.localdomain","cli","tabdump",," deps","Allowed",,
"742","05-19-2010 14:55:48","root","localhost.localdomain","cli","tabdump",," domain","Allowed",,
"743","05-19-2010 14:55:48","root","localhost.localdomain","cli","tabdump",," eventlog","Allowed",,
"744","05-19-2010 14:55:48","root","localhost.localdomain","cli","tabdump",," hosts","Allowed",,
"745","05-19-2010 14:55:49","root","localhost.localdomain","cli","tabdump",," hypervisor","Allowed",,
"746","05-19-2010 14:55:49","root","localhost.localdomain","cli","tabdump",," ipmi","Allowed",,
"747","05-19-2010 14:55:50","root","localhost.localdomain","cli","tabdump",," iscsi","Allowed",,
"748","05-19-2010 14:55:50","root","localhost.localdomain","cli","tabdump",," linuximage","Allowed",,
"749","05-19-2010 14:55:50","root","localhost.localdomain","cli","tabdump",," litefile","Allowed",,
"750","05-19-2010 14:55:51","root","localhost.localdomain","cli","tabdump",," litetree","Allowed",,
"751","05-19-2010 14:55:51","root","localhost.localdomain","cli","tabdump",," mac","Allowed",,
"752","05-19-2010 14:55:51","root","localhost.localdomain","cli","tabdump",," monitoring","Allowed",,
"753","05-19-2010 14:55:52","root","localhost.localdomain","cli","tabdump",," monsetting","Allowed",,
"754","05-19-2010 14:55:52","root","localhost.localdomain","cli","tabdump",," mp","Allowed",,
"755","05-19-2010 14:55:53","root","localhost.localdomain","cli","tabdump",," mpa","Allowed",,
"756","05-19-2010 14:55:53","root","localhost.localdomain","cli","tabdump",," networks","Allowed",,
"757","05-19-2010 14:55:53","root","localhost.localdomain","cli","tabdump",," nimimage","Allowed",,
"758","05-19-2010 14:55:54","root","localhost.localdomain","cli","tabdump",," nodegroup","Allowed",,
"759","05-19-2010 14:55:54","root","localhost.localdomain","cli","tabdump",," nodehm","Allowed",,
"760","05-19-2010 14:55:55","root","localhost.localdomain","cli","tabdump",," nodelist","Allowed",,
"761","05-19-2010 14:55:55","root","localhost.localdomain","cli","tabdump",," nodepos","Allowed",,
"762","05-19-2010 14:55:56","root","localhost.localdomain","cli","tabdump",," noderes","Allowed",,
"763","05-19-2010 14:55:56","root","localhost.localdomain","cli","tabdump",," nodetype","Allowed",,
"764","05-19-2010 14:55:56","root","localhost.localdomain","cli","tabdump",," notification","Allowed",,
"765","05-19-2010 14:55:57","root","localhost.localdomain","cli","tabdump",," osimage","Allowed",,
"766","05-19-2010 14:55:57","root","localhost.localdomain","cli","tabdump",," passwd","Allowed",,
"767","05-19-2010 14:55:57","root","localhost.localdomain","cli","tabdump",," performance","Allowed",,
"768","05-19-2010 14:55:58","root","localhost.localdomain","cli","tabdump",," policy","Allowed",,
"769","05-19-2010 14:55:58","root","localhost.localdomain","cli","tabdump",," postscripts","Allowed",,
"770","05-19-2010 14:55:59","root","localhost.localdomain","cli","tabdump",," ppc","Allowed",,
"771","05-19-2010 14:55:59","root","localhost.localdomain","cli","tabdump",," ppcdirect","Allowed",,
"772","05-19-2010 14:55:59","root","localhost.localdomain","cli","tabdump",," ppchcp","Allowed",,
"773","05-19-2010 14:56:00","root","localhost.localdomain","cli","tabdump",," prescripts","Allowed",,
"774","05-19-2010 14:56:00","root","localhost.localdomain","cli","tabdump",," prodkey","Allowed",,
"775","05-19-2010 14:56:01","root","localhost.localdomain","cli","tabdump",," servicenode","Allowed",,
"776","05-19-2010 14:56:01","root","localhost.localdomain","cli","tabdump",," site","Allowed",,
"777","05-19-2010 14:56:01","root","localhost.localdomain","cli","tabdump",," statelite","Allowed",,
"778","05-19-2010 14:56:02","root","localhost.localdomain","cli","tabdump",," switch","Allowed",,
"779","05-19-2010 14:56:02","root","localhost.localdomain","cli","tabdump",," switches","Allowed",,
"780","05-19-2010 14:56:03","root","localhost.localdomain","cli","tabdump",," vm","Allowed",,
"781","05-19-2010 14:56:03","root","localhost.localdomain","cli","tabdump",," vpd","Allowed",,
"782","05-19-2010 14:56:03","root","localhost.localdomain","cli","tabdump",," websrv","Allowed",,
"783","05-19-2010 14:56:04","root","localhost.localdomain","cli","tabdump",," zvm","Allowed",,
"784","05-19-2010 14:57:11","root","localhost.localdomain","cli","makehosts","node1148",,"Allowed",,
"785","05-19-2010 14:57:11","root","localhost.localdomain","cli","makedhcp","node1148",,"Allowed",,
"786","05-19-2010 14:57:16","root","localhost.localdomain","cli","tabgrep","node1152",,"Allowed",,
"787","05-19-2010 14:57:17","root","localhost.localdomain","cli","nodeadd",," node1152 groups=dell,farm,all mac.interface=eth0 hosts.ip=192.168.34.202 mac.mac=","Allowed",,
"788","05-19-2010 14:57:18","root","localhost.localdomain","cli","tabdump",,,"Allowed",,
"789","05-19-2010 14:57:18","root","localhost.localdomain","cli","tabdump",," auditlog","Allowed",,
"790","05-19-2010 14:57:19","root","localhost.localdomain","cli","tabdump",," bootparams","Allowed",,
"791","05-19-2010 14:57:19","root","localhost.localdomain","cli","tabdump",," boottarget","Allowed",,
"792","05-19-2010 14:57:20","root","localhost.localdomain","cli","tabdump",," chain","Allowed",,
"793","05-19-2010 14:57:20","root","localhost.localdomain","cli","tabdump",," deps","Allowed",,
"794","05-19-2010 14:57:21","root","localhost.localdomain","cli","tabdump",," domain","Allowed",,
"795","05-19-2010 14:57:21","root","localhost.localdomain","cli","tabdump",," eventlog","Allowed",,
"796","05-19-2010 14:57:21","root","localhost.localdomain","cli","tabdump",," hosts","Allowed",,
"797","05-19-2010 14:57:22","root","localhost.localdomain","cli","tabdump",," hypervisor","Allowed",,
"798","05-19-2010 14:57:22","root","localhost.localdomain","cli","tabdump",," ipmi","Allowed",,
"799","05-19-2010 14:57:23","root","localhost.localdomain","cli","tabdump",," iscsi","Allowed",,
"800","05-19-2010 14:57:23","root","localhost.localdomain","cli","tabdump",," linuximage","Allowed",,
"801","05-19-2010 14:57:23","root","localhost.localdomain","cli","tabdump",," litefile","Allowed",,
"802","05-19-2010 14:57:24","root","localhost.localdomain","cli","tabdump",," litetree","Allowed",,
"803","05-19-2010 14:57:24","root","localhost.localdomain","cli","tabdump",," mac","Allowed",,
"804","05-19-2010 14:57:25","root","localhost.localdomain","cli","tabdump",," monitoring","Allowed",,
"805","05-19-2010 14:57:25","root","localhost.localdomain","cli","tabdump",," monsetting","Allowed",,
"806","05-19-2010 14:57:25","root","localhost.localdomain","cli","tabdump",," mp","Allowed",,
"807","05-19-2010 14:57:26","root","localhost.localdomain","cli","tabdump",," mpa","Allowed",,
"808","05-19-2010 14:57:26","root","localhost.localdomain","cli","tabdump",," networks","Allowed",,
"809","05-19-2010 14:57:27","root","localhost.localdomain","cli","tabdump",," nimimage","Allowed",,
"810","05-19-2010 14:57:27","root","localhost.localdomain","cli","tabdump",," nodegroup","Allowed",,
"811","05-19-2010 14:57:27","root","localhost.localdomain","cli","tabdump",," nodehm","Allowed",,
"812","05-19-2010 14:57:28","root","localhost.localdomain","cli","tabdump",," nodelist","Allowed",,
"813","05-19-2010 14:57:28","root","localhost.localdomain","cli","tabdump",," nodepos","Allowed",,
"814","05-19-2010 14:57:28","root","localhost.localdomain","cli","tabdump",," noderes","Allowed",,
"815","05-19-2010 14:57:29","root","localhost.localdomain","cli","tabdump",," nodetype","Allowed",,
"816","05-19-2010 14:57:29","root","localhost.localdomain","cli","tabdump",," notification","Allowed",,
"817","05-19-2010 14:57:30","root","localhost.localdomain","cli","tabdump",," osimage","Allowed",,
"818","05-19-2010 14:57:30","root","localhost.localdomain","cli","tabdump",," passwd","Allowed",,
"819","05-19-2010 14:57:30","root","localhost.localdomain","cli","tabdump",," performance","Allowed",,
"820","05-19-2010 14:57:31","root","localhost.localdomain","cli","tabdump",," policy","Allowed",,
"821","05-19-2010 14:57:31","root","localhost.localdomain","cli","tabdump",," postscripts","Allowed",,
"822","05-19-2010 14:57:32","root","localhost.localdomain","cli","tabdump",," ppc","Allowed",,
"823","05-19-2010 14:57:32","root","localhost.localdomain","cli","tabdump",," ppcdirect","Allowed",,
"824","05-19-2010 14:57:32","root","localhost.localdomain","cli","tabdump",," ppchcp","Allowed",,
"825","05-19-2010 14:57:33","root","localhost.localdomain","cli","tabdump",," prescripts","Allowed",,
"826","05-19-2010 14:57:33","root","localhost.localdomain","cli","tabdump",," prodkey","Allowed",,
"827","05-19-2010 14:57:34","root","localhost.localdomain","cli","tabdump",," servicenode","Allowed",,
"828","05-19-2010 14:57:34","root","localhost.localdomain","cli","tabdump",," site","Allowed",,
"829","05-19-2010 14:57:34","root","localhost.localdomain","cli","tabdump",," statelite","Allowed",,
"830","05-19-2010 14:57:35","root","localhost.localdomain","cli","tabdump",," switch","Allowed",,
"831","05-19-2010 14:57:35","root","localhost.localdomain","cli","tabdump",," switches","Allowed",,
"832","05-19-2010 14:57:36","root","localhost.localdomain","cli","tabdump",," vm","Allowed",,
"833","05-19-2010 14:57:36","root","localhost.localdomain","cli","tabdump",," vpd","Allowed",,
"834","05-19-2010 14:57:36","root","localhost.localdomain","cli","tabdump",," websrv","Allowed",,
"835","05-19-2010 14:57:37","root","localhost.localdomain","cli","tabdump",," zvm","Allowed",,
"836","05-19-2010 14:58:42","root","localhost.localdomain","cli","makehosts","node1152",,"Allowed",,
"837","05-19-2010 14:58:42","root","localhost.localdomain","cli","makedhcp","node1152",,"Allowed",,
"838","05-19-2010 14:58:47","root","localhost.localdomain","cli","tabgrep","node1153",,"Allowed",,
"839","05-19-2010 14:58:48","root","localhost.localdomain","cli","nodeadd",," node1153 groups=dell,farm,all mac.interface=eth0 hosts.ip=192.168.34.203 mac.mac=","Allowed",,
"840","05-19-2010 14:58:49","root","localhost.localdomain","cli","tabdump",,,"Allowed",,
"841","05-19-2010 14:58:49","root","localhost.localdomain","cli","tabdump",," auditlog","Allowed",,
